<?xml version="1.0" encoding="UTF-8"?>
<!DOCTYPE mapper
  PUBLIC "-//mybatis.org//DTD Mapper 3.0//EN"
  "http://mybatis.org/dtd/mybatis-3-mapper.dtd">
<mapper namespace="com.signup.mapper.UserMapper">
	<resultMap type="com.signup.entity.User" id="userMapper">
		<id property="id" column="id"></id>
		<result property="phone" column="phone"/>
		<result property="password" column="password"/>
		<result property="name" column="name"/>
		<result property="headImage" column="headImage"/>
		<result property="introduction" column="introduction"/>
	</resultMap>
	
	<select id="selectAll" resultType="com.signup.entity.User" >
	select * from user
	</select>
	<insert id="addUser" parameterType="com.signup.entity.User">
		insert into user(id,phone,password,name,headImage) values (#{id},#{phone},#{password},#{name},#{headImage})
	</insert>
	<select id="check" resultType="com.signup.entity.User" >
	select * from user where phone = #{phone}
	</select>
	<update id="imgUp">
		update user set headImage = #{pathString} where phone=#{phone}
	</update>
	<update id="updatePassword">
		update user set password = #{password} where phone=#{phone}
	</update>
	<select id="userLogin" resultType="com.signup.entity.User" >
	select * from user where phone = #{phone} and password = #{password}
	</select>
	<select id="findName" resultType="com.signup.entity.User" >
		select name from user where phone = #{phone}
	</select>
	<update id="updateName">
		update user set name = #{name} where phone=#{phone}
	</update>
	<update id="updateIntroduction">
		update user set introduction = #{introduction} where phone=#{phone}
	</update>
	<select id="findIntroduction" resultType="com.signup.entity.User" >
		select introduction from user where phone = #{phone}
	</select>
	
 	
</mapper>