<?xml version="1.0" encoding="UTF-8" ?>
<!DOCTYPE configuration
  PUBLIC "-//mybatis.org//DTD Config 3.0//EN"
  "http://mybatis.org/dtd/mybatis-3-config.dtd">
<configuration>
	<settings>
		<setting name="logImpl" value="STDOUT_LOGGING" />
	</settings>
	<environments default="dev">
		<environment id="dev">
			<transactionManager type="JDBC" />
			<dataSource type="POOLED">
				<property name="driver" value="com.mysql.jdbc.Driver" />
				<property name="url"
					value="jdbc:mysql://127.0.0.1:3306/poetry_signup?characterEncoding=utf-8" />
				<property name="username" value="root" />
				<property name="password" value="" />
			</dataSource>
		</environment>
	</environments>
	<mappers>
		<mapper resource="com/signup/mapper/UserMapper.xml"/>
	</mappers>
</configuration>